,mean,std,2.5q,25q,50q,75q,97.5q,mc err
a(emp),1.7470774277689574,0.09428714739070512,1.5717472303474729,1.6830368605697341,1.744486643436252,1.80907584148187,1.9425017532366882,0.0030995168668996238
a(empego),1.8282317183920396,0.09596588788204616,1.6481588806944825,1.764272801589559,1.8253028265654156,1.888935064670678,2.0260074755131896,0.0031992147730919795
a_std,0.4630716432367571,0.057187733526134286,0.36796654690512576,0.4218109603695752,0.4583024569167039,0.49846158179640715,0.586010879588351,0.001914591195625051
a_subj(emp).0,2.51670823958596,0.25177562962768607,2.077164522046849,2.3363110639025475,2.499351556514212,2.6747529928609497,3.0706951544947225,0.008717987896710643
a_subj(emp).1,2.027941941976298,0.21752299596328822,1.650044232954646,1.876855786219832,2.012747843602529,2.1554553464256427,2.5135317564971182,0.006981745948762226
a_subj(emp).2,2.3228611068054645,0.3132058978920346,1.8026696256491692,2.103450941451751,2.293754684735287,2.506015665552882,3.025604153567408,0.01303002487146088
a_subj(emp).4,2.448856314023361,0.20743641171949667,2.085603351386937,2.3045884099110303,2.431001488973301,2.5798422377381547,2.894910188121731,0.005601984734092146
a_subj(emp).5,1.2663345889705027,0.22213100766640817,0.9261255156007426,1.1111675087727664,1.2339082954555494,1.3783865487653708,1.8073133197456477,0.008628691927764056
a_subj(emp).6,1.6935915751984423,0.14788013318669152,1.4316310390374012,1.5901644764518224,1.6846595820237438,1.7880881129623356,2.0170400540093865,0.0032953429814805237
a_subj(emp).7,1.188393534584615,0.08846832299809698,1.0239806758046985,1.1284123554310854,1.1853945113884095,1.2452981389176674,1.373787246765528,0.002062790560508949
a_subj(emp).8,1.752611232397632,0.13054289859437102,1.52281761645018,1.6604810351989188,1.7434930800418567,1.8364705611670058,2.02300038398628,0.002943223273811296
a_subj(emp).9,1.583539152668012,0.1439106826675374,1.3287249239525059,1.4811263512870836,1.5719517970293595,1.6752773867862545,1.887458489092379,0.003954978195749337
a_subj(emp).10,1.677572834515593,0.14322508928846486,1.418968536248259,1.5743770667282866,1.6721366438854754,1.7738055139527757,1.9772522589394557,0.003422705969911026
a_subj(emp).11,1.0027513440302436,0.0829867534402676,0.853409703984862,0.9441600514021415,0.9990212111941195,1.057674677615074,1.17428837695055,0.0022090117351304503
a_subj(emp).12,2.127226785732261,0.19895660007479413,1.7752311057594357,1.9916900887746232,2.114614676690722,2.2497621117153286,2.561828539261392,0.005932337639023006
a_subj(emp).13,1.9004763848331452,0.16504526610041248,1.6217410816454672,1.786338232940217,1.885304991242699,1.9935157421529832,2.2672100819853784,0.00468114770540119
a_subj(emp).14,1.2378008167625576,0.11466367496908726,1.0236339237322776,1.1601398780640495,1.233563859813565,1.3098278383739026,1.4823519681474435,0.0028780700538218514
a_subj(emp).15,1.9589919444117705,0.1302710414310079,1.7221802111943587,1.8672855434992415,1.9511192560273785,2.0440871911581895,2.2344355793353956,0.003382419719869331
a_subj(emp).16,1.21962172680078,0.10689179945692964,1.0252727718538364,1.1464880076017627,1.2145248152575143,1.288141212812354,1.4441186085775006,0.002968696284020387
a_subj(emp).17,1.3603127364250913,0.11051223774598094,1.1510364804578643,1.2837823717728998,1.359939836603476,1.4347245107499007,1.5848101638946483,0.0033824115755571177
a_subj(emp).18,1.793717313290377,0.13124511615230994,1.5519995569423621,1.7044386374403342,1.7892003994721695,1.8782809230615698,2.0655673506620813,0.0034066228686007874
a_subj(emp).19,1.9214957855897663,0.12621448973119864,1.6884554705647017,1.8358624600244404,1.9127623186894314,2.002764310515883,2.1798210532266076,0.002786403427701698
a_subj(emp).21,1.3211239252466953,0.0876481157802478,1.158590411538562,1.262914826861058,1.3168208655068456,1.377781720758104,1.504153601165085,0.002056231580556419
a_subj(emp).22,1.3555285268529547,0.14453745014374605,1.1079772706461248,1.2526442490142198,1.3426394424921175,1.4473583591870507,1.6710495935454555,0.004178354063915363
a_subj(emp).23,1.5817726171678759,0.24451484002628476,1.212061477641671,1.4087259699637618,1.5426199644448826,1.717837861292865,2.1609671718075725,0.010438648347788081
a_subj(emp).24,1.7982584552093075,0.2659991082893333,1.3596590900253605,1.610940400911991,1.765765514010126,1.962869266704721,2.3876115453863154,0.010097624038538618
a_subj(emp).25,2.9029300298343688,0.21998708837243763,2.522065643642455,2.7483335209190565,2.885993086477053,3.0413360718063327,3.384011708379369,0.0075437987423602835
a_subj(emp).26,1.7344876264376587,0.11376005054404088,1.5302626365787206,1.6544488892417606,1.7306078086848151,1.809137325968891,1.9690320232357488,0.002934197746034545
a_subj(emp).27,1.7676476030929393,0.11627989136890436,1.5537766932311652,1.6886293711932918,1.7628467329347086,1.8440405154041348,2.0128237143563616,0.0031277265183425954
a_subj(emp).28,1.468633352163413,0.11359696741760332,1.261571521574015,1.3865881811922274,1.4650109902283668,1.5419847651804308,1.7046070997698934,0.003223716714467489
a_subj(emp).29,2.299041638567351,0.15473276259216992,2.015246545051686,2.1930648934679655,2.290207958420524,2.3993538374275287,2.6197264330282217,0.003934732013265566
a_subj(emp).30,1.6032210890891696,0.13180860536775185,1.3648696853087032,1.5120962476704722,1.5941639969232735,1.685949297939867,1.879539689647281,0.003338374983429985
a_subj(emp).31,1.8260978248975994,0.11820056487772305,1.6109713636762395,1.7433693799114987,1.8219230048656927,1.9031932838957053,2.0691247207854024,0.002941809424374062
a_subj(emp).32,1.5206382014835411,0.13794085915127163,1.2661993178178919,1.427706956890776,1.5150991848743391,1.60725688265865,1.8225461168421555,0.003837849915856677
a_subj(empego).0,2.035035842018017,0.28009711286466443,1.579502610404889,1.8433670339547656,2.0061816166020696,2.1890730068457893,2.694867310544657,0.01061775999333518
a_subj(empego).1,2.1193707517288574,0.23150240806524572,1.7274880980810248,1.9575735217340242,2.1002656496144034,2.2567871711976566,2.648648344831398,0.007817119634989688
a_subj(empego).2,1.851366007932451,0.2621887287181591,1.4168102486821486,1.6677557149197015,1.8197862019491833,2.008409031743338,2.467171347742533,0.009768084107795632
a_subj(empego).4,2.094215822221779,0.25323847029334545,1.6833283642233963,1.923789388364447,2.0683661402668085,2.2348235147565783,2.680653512461636,0.008258047454246065
a_subj(empego).5,1.6028332987383658,0.24511289983450713,1.2213559030984362,1.4344276939186291,1.5708054505151696,1.7361977919538942,2.196648639992742,0.008799100023783141
a_subj(empego).6,1.6496677508339541,0.1442583512704408,1.3849866114293738,1.549147048303344,1.6443117711609587,1.7421110774215234,1.9442584789546369,0.0035574719661848977
a_subj(empego).7,1.5077375023687527,0.10166879621486531,1.3193233555605586,1.4368467402811886,1.50435881032691,1.5736787806441281,1.7154620990898888,0.0020696696073217386
a_subj(empego).8,1.9912921781303452,0.14055655169487444,1.7319237010173019,1.8942823995963785,1.983603041345647,2.0813720935666526,2.284509402826994,0.0037343177017634564
a_subj(empego).9,1.510011786485224,0.12551694361887147,1.2783603729397086,1.4233995376853072,1.5041261095643623,1.5914286123618562,1.7714651374657426,0.0030634378155922066
a_subj(empego).10,2.618859852540268,0.22812813552952832,2.224231420110601,2.4544649163597687,2.6044915532934696,2.766114971040578,3.091938199511602,0.0069479137796710135
a_subj(empego).11,1.449323586189955,0.2055089562940346,1.1224654514242047,1.3080026821023534,1.4252002854946473,1.5623227577019052,1.917986585894061,0.006066335798256098
a_subj(empego).12,1.9444935625826754,0.3258761562652954,1.4055705925304174,1.7132748291031832,1.9155088053778822,2.1368936403560665,2.6909098975256964,0.012837326134126945
a_subj(empego).13,1.442850187775926,0.1514561158003897,1.187372357701289,1.3366653205249959,1.4316464433531961,1.5314562264007656,1.7698030065330004,0.004989620293872249
a_subj(empego).14,2.2889982785025094,0.31183653020963237,1.771244055391807,2.069711848567047,2.2557021741206276,2.4650483404808305,3.003937263876413,0.010772576130580542
a_subj(empego).15,1.5572500681473407,0.10931842986136638,1.3529992744497459,1.484159763542556,1.5529271848974373,1.6271171195491219,1.7818723082057362,0.0023066769680803586
a_subj(empego).16,1.2209269130028713,0.09690710609272447,1.0431333150514808,1.15384859589407,1.2172987207329828,1.2838735830436276,1.4288899165345335,0.0021929953474107587
a_subj(empego).17,1.3444733858503515,0.24671892162502174,0.9309113230717737,1.1748395527437516,1.316918057323244,1.4907528985340095,1.8877574169383284,0.008850671242915619
a_subj(empego).18,1.7284977943276132,0.12007012702949102,1.5094220902720674,1.6434031886992906,1.7233234329110192,1.8071052063543733,1.9717025075681032,0.003059224293544496
a_subj(empego).19,1.832426246663521,0.11595861270143505,1.6195298284246555,1.7519763322608504,1.8277525557809366,1.9081573701144148,2.073675352923165,0.0027721829715463557
a_subj(empego).21,0.9957160007861349,0.09211582466743676,0.829848672052949,0.9320338951953608,0.9906951639688399,1.053954102151287,1.194086357535614,0.002373057441373599
a_subj(empego).22,2.2586976250860045,0.1956209863411254,1.9256723166562741,2.1232611597110598,2.2405428583460605,2.3781554529583997,2.6917488925758035,0.005350177628436303
a_subj(empego).23,1.5224068247816258,0.27153178660424826,1.0860462778603834,1.3283392149926208,1.4879729376684427,1.680987339548829,2.144994729227749,0.011824977760752827
a_subj(empego).24,2.0848560718885754,0.2772252876049957,1.6247166023677708,1.8866125286161473,2.0585478847259466,2.245032220448734,2.723320068765058,0.009635703494225722
a_subj(empego).25,2.0362518684210396,0.32648524919716926,1.5114957895658812,1.8023697081258665,1.9986580648452024,2.233344731416259,2.7656493706799683,0.011747799935000032
a_subj(empego).26,1.8391216172035054,0.1553667710565363,1.5711852249401066,1.7295249643653197,1.8282949492689227,1.9358672292761514,2.1621756447020704,0.00419887978774272
a_subj(empego).27,1.8792506763758334,0.27249928129035994,1.4237733447293022,1.6884019458849184,1.8558218199544316,2.0382006989790415,2.4951779567534738,0.00943535993023446
a_subj(empego).28,1.544742231680994,0.20192784501808625,1.2261362344116604,1.4033204369110408,1.52247628818093,1.6583634954270126,2.011363263998045,0.006426158397941008
a_subj(empego).29,2.287424280759125,0.1796360496836721,1.9652793400026878,2.163841266825307,2.2803299161021924,2.3983377520856766,2.6771668102956827,0.0048124276397245955
a_subj(empego).30,2.542674876742862,0.21337042344145024,2.170885720723937,2.3891087644488644,2.5283913313373088,2.6780277557431904,2.99990723942522,0.005637011878179931
a_subj(empego).31,1.4833233505685226,0.10623802745495609,1.2897145739397953,1.4105164301278585,1.4776084687712994,1.549268453824706,1.7081092495115544,0.002331356475255782
a_subj(empego).32,2.4509334490316648,0.3281255989540983,1.9040047729724852,2.22194952521579,2.4161129457354362,2.6387710644710727,3.2207142069633727,0.011317975688941287
t,0.6067966369910115,0.023807627158040832,0.5615673243130418,0.5908147791606095,0.605886930327646,0.6224934602872967,0.6553183626585122,0.0006951870888268961
t_std,0.12151758494940876,0.017947688421777894,0.09128208955916636,0.10885472302540886,0.11989035359231927,0.1320171857560179,0.16150290025887643,0.00043037742554597765
t_subj.0,0.6378419560127966,0.041121560264103345,0.5550441944506782,0.6107200998195924,0.6377346829805169,0.6664257428888448,0.7155535371542326,0.0016662503137255685
t_subj.1,0.6794644220322743,0.03679632592863717,0.6032067258778376,0.6552554904274666,0.6809344939117109,0.7043800997568478,0.7488267168217317,0.0015188635362294307
t_subj.2,0.46622370170033567,0.030871954386828843,0.40474744517383354,0.4462441426628847,0.4663645647474596,0.4860780656334172,0.5269465867278984,0.0012745356986247718
t_subj.4,0.6711428682313431,0.04250248290588993,0.5850271139270972,0.643086170747094,0.6728592262588285,0.7001428411554355,0.7497798334276751,0.0016629647912035806
t_subj.5,0.557101639736317,0.020410470493608432,0.513705750567221,0.5443654189028366,0.5579208225320773,0.5709803578282161,0.5954666348599297,0.0008740571119406433
t_subj.6,0.583244132652588,0.027050471200406608,0.5270397994934348,0.5659479529671265,0.5844679487046219,0.6019432748239221,0.6327870653034676,0.0008533520737121026
t_subj.7,0.5958588576706172,0.02125631967848503,0.5501886519948175,0.5822257748819126,0.5968800909343329,0.6102440615310201,0.6351390301664935,0.0005812386230917687
t_subj.8,0.5949792363603398,0.03110959825912558,0.531142168169826,0.5746469320935936,0.5967412620553052,0.6167192543522303,0.6531847783513465,0.0008036509195390283
t_subj.9,0.943847158853954,0.029612556519678673,0.8772819708251643,0.9249716356703634,0.9469831899200768,0.9648282686071152,0.99437231455092,0.0009157997267456458
t_subj.10,0.7248513021774894,0.04314386901339755,0.6393275584813255,0.6939373763605517,0.7251401236781618,0.7582531411516267,0.8017738442290597,0.0012857342163209947
t_subj.11,0.608407069089963,0.019623485148572095,0.5673679101290214,0.5951857414066297,0.6091986839817263,0.6218478207814159,0.6440016629085694,0.0006397316785938396
t_subj.12,0.5688121296453836,0.030847296483919144,0.5026304284033409,0.5489107106522739,0.570473657687545,0.5907653204417702,0.6226688155224396,0.0012710550329196487
t_subj.13,0.7047637599111027,0.02564599057908384,0.6493009035331792,0.6887261936381341,0.7054006402371833,0.7226198675560028,0.7510939694452021,0.0010733127044319523
t_subj.14,0.5054712966257873,0.026138138896791806,0.45050697343678275,0.48866218857990196,0.5070336362546336,0.5237935684136503,0.553186646224624,0.0008823704927990427
t_subj.15,0.5904590553337655,0.02593748548202118,0.5349314899742084,0.5749375255938494,0.5919452160622637,0.6082575256036177,0.6365548952193393,0.0007048960004835198
t_subj.16,0.5552476116570049,0.020945513464897838,0.5154985475135176,0.5408856633418754,0.5546421984709683,0.5698047907314936,0.595988473182505,0.000640663333748112
t_subj.17,0.5276605843688177,0.025560904612370403,0.4811371826651793,0.5098458963089924,0.5254081572148968,0.5458747403179717,0.5785152760671629,0.001031857761194893
t_subj.18,0.6543980504315517,0.035482915892810454,0.5872362383886337,0.6306074663877644,0.6538376767757893,0.6777392236790366,0.7241526958093953,0.0008006874378567428
t_subj.19,0.5212897964231755,0.02685183666197277,0.4640469332039279,0.5044695040562336,0.5230584013564905,0.5403816100259072,0.5689299929639623,0.0007426259368914768
t_subj.21,0.4840524949887908,0.019470867180324335,0.4420482410555754,0.47170994357274854,0.48529167849387417,0.49753074474088615,0.5190476561281067,0.000562107163527045
t_subj.22,0.5920991855001245,0.030165434848164894,0.527637235799861,0.5720457180610476,0.5938561375169802,0.6136138871340954,0.6450785578329477,0.001186270969933967
t_subj.23,0.5519460935579322,0.026633581111840433,0.4949927296085145,0.5349226123636738,0.5542425984054463,0.5706991421899885,0.5980944711200531,0.0013664802496473297
t_subj.24,0.600451816993067,0.030208461738035878,0.5383128361236165,0.5808661348389657,0.6026192959123131,0.6217227967624798,0.6537140079515535,0.0013422809797810039
t_subj.25,0.9382598229364483,0.04558686219075863,0.8288562920247775,0.9136554240823231,0.9455988412505854,0.9700678488833145,1.0090917019476566,0.0018904025414186725
t_subj.26,0.5791752039707334,0.02880346818180101,0.5185986884177969,0.5607664101432743,0.5813019309835689,0.5984511151895932,0.6323024884825335,0.0008727287476351455
t_subj.27,0.7681729508382629,0.030907541931399354,0.7036861119792004,0.7480443395598064,0.7697165377221944,0.7898680893313121,0.8227408661888838,0.0010556131902762238
t_subj.28,0.6330571499357256,0.027225415032952307,0.5749258970189088,0.6151021043312441,0.6348386841281383,0.6521710543411772,0.6810751937205348,0.0010400898614478687
t_subj.29,0.5622056148013825,0.04137579120172776,0.47868369619222395,0.5346333003734274,0.5637276537499529,0.5898812593094397,0.6396174236965144,0.0010493686685394319
t_subj.30,0.4384493730496024,0.03172998807389985,0.3696682086146295,0.41827866989729184,0.43982809750345375,0.4608041789744426,0.49601860333248826,0.0011142659605114379
t_subj.31,0.5594280217394756,0.02941420901638518,0.5005413028640361,0.540103823054645,0.5596801424688224,0.5796048185764286,0.6159948679968732,0.0008402641237640921
t_subj.32,0.4267498915112667,0.031637200217709334,0.3501298103577442,0.4092162949515293,0.430387107080781,0.44869109944058777,0.47867512000416723,0.0011415838188414784
sv,0.4134522337023197,0.13627973969196075,0.0982920850144032,0.33271768006681407,0.42631498681505725,0.5076590022853489,0.6419664334434705,0.0069427767399651095
sz,0.07158038128559012,0.0533777467881527,0.0029733831991994083,0.02851914045002499,0.0602910563705249,0.10529979545052592,0.19424458449639506,0.0013256947949170756
st,0.24270929752553486,0.014231542829994703,0.2154965219448811,0.23283016130286874,0.24282092940395486,0.2523461932162569,0.2705531427421468,0.0005557670413100571
z(emp),0.48683317928671516,0.018869829921429795,0.4505829325136411,0.4738943748554256,0.48648433561951454,0.4995822894265368,0.5240962613191651,0.000860207353543879
z(empego),0.49510522711725824,0.021493378997148156,0.45393328602629746,0.4801177560755315,0.49511970206009326,0.50946138278941,0.5371769523182867,0.001191305178089188
z_std,0.2599895879062896,0.033221483998290495,0.19387907565347268,0.23840818033383165,0.2599738420698899,0.28209787893918314,0.32393770821516854,0.0016362441073491847
z_subj(emp).0,0.4598347661914564,0.04853388314614663,0.3665485801364649,0.4264342992219952,0.45857649674885786,0.4929800909323369,0.5562277116952495,0.001442418254508524
z_subj(emp).1,0.5353935359775064,0.054316190101918564,0.43293055826896165,0.49819203483612423,0.5340568798829773,0.5725143071397925,0.6420412768698666,0.0018359163784089777
z_subj(emp).2,0.4852855850340071,0.0558220789035614,0.3776382481964561,0.44763861341671063,0.4843731012035704,0.5239004257122584,0.5962315851777726,0.0017632511456471059
z_subj(emp).4,0.4681077129620469,0.05137110175661736,0.36839384537143566,0.4330821434967728,0.4675000960863817,0.5027151832187771,0.5697482866819777,0.0015143874016978077
z_subj(emp).5,0.5190416341610466,0.06292461239768912,0.39922617406775357,0.47638348994729074,0.5170630917304663,0.5618367040024516,0.6474245181330129,0.0021859139282014812
z_subj(emp).6,0.5564915296536393,0.04975357445000966,0.458761036605904,0.5233909870499217,0.5562533665494294,0.5887776451473472,0.656429575313861,0.0015453251514051982
z_subj(emp).7,0.45166190614063323,0.044804620748800955,0.36453362885642726,0.4204240253776978,0.4512298673690472,0.48231097814149715,0.5400501767982104,0.000895823210848834
z_subj(emp).8,0.3706014697291143,0.04419131644280327,0.2870477527483119,0.3395917235283909,0.36977525112249165,0.40044933122696375,0.45806519744475926,0.001081353856553182
z_subj(emp).9,0.48191771194521466,0.049646124653251855,0.3889354966628182,0.44759351832506594,0.4807722759059223,0.5151136430454792,0.5832300374997579,0.0013103538598801634
z_subj(emp).10,0.5396301804043602,0.050084373154577845,0.4424976992277444,0.5050022534867932,0.5396293718862539,0.5747242183774488,0.6341603960443075,0.0015658260937123387
z_subj(emp).11,0.519476723930839,0.048446409858243146,0.4258501656573251,0.4862459100189333,0.5195433096168125,0.5522870056505959,0.6143254208017179,0.0013229717667611672
z_subj(emp).12,0.5279584417732981,0.05179252072667499,0.42682861877946604,0.4925453389921898,0.5275974273741634,0.5640489986119126,0.6274729937543123,0.0017384363693816734
z_subj(emp).13,0.5047148722110243,0.049548993902764626,0.4106121050306905,0.4708132140666979,0.5046116477736777,0.5388219843715827,0.600162391352667,0.0015138554777428283
z_subj(emp).14,0.5685431274829843,0.0543850185666471,0.4609389260606719,0.5317662264877251,0.5675670910965729,0.6056505735909314,0.6758025261561016,0.001797233655209566
z_subj(emp).15,0.39688940781845655,0.04037694391246351,0.31982194395785907,0.3689771425316962,0.39637484584762495,0.4236577351422331,0.47790485977397995,0.0008824914860652733
z_subj(emp).16,0.4057603676980615,0.04758531908355334,0.31514906770810125,0.3736798433368064,0.40377821887768434,0.4376417413481511,0.5004757985130961,0.0011450203076563512
z_subj(emp).17,0.4973107923633113,0.04713092515234297,0.4084220376064379,0.4653689990551503,0.4971255434157466,0.5289333185208306,0.591411586527564,0.0013368525097923563
z_subj(emp).18,0.4377537478691175,0.041300696518502156,0.35812005485964604,0.4098043699890078,0.4371596863718633,0.46548269468440584,0.5198488509379566,0.0009053444366708977
z_subj(emp).19,0.3014411847984069,0.03957539591913298,0.2286246412960997,0.2740219612556019,0.3001078684107888,0.32867087033691894,0.3816400087804014,0.0011931035246427154
z_subj(emp).21,0.4489992270377911,0.044760471883205186,0.35942794859263527,0.41965573288456226,0.44825097015084253,0.4785529378628775,0.538107725667025,0.0010306474132226954
z_subj(emp).22,0.5795945916147318,0.06142666719606306,0.4647254744044463,0.5363100297301306,0.5783188545346801,0.6203755828095749,0.705088083102279,0.0025452407002408612
z_subj(emp).23,0.5007802510964351,0.05851534112649589,0.3880656327633851,0.46114287366150475,0.4998544002096645,0.5392845032117093,0.6191579392912404,0.0019654954780783584
z_subj(emp).24,0.5297066364959461,0.05955301344491778,0.4147018925101805,0.4900008603628158,0.5283985996934407,0.5699094503131399,0.649908807021435,0.0025095297943057053
z_subj(emp).25,0.4270929052489079,0.040625838804290534,0.3479763058428418,0.3996046580371824,0.4265693259989451,0.4549656048875392,0.5073651787090062,0.0008054621157395344
z_subj(emp).26,0.41484280600475615,0.04146517237532329,0.3357209049643031,0.3862520977789072,0.4149430104289648,0.4428133613220243,0.4969780195796756,0.0009451634338431466
z_subj(emp).27,0.5434941351953426,0.043342852828621,0.4594607660073342,0.5134497773283392,0.5428629879652269,0.5726003349017615,0.630229806329184,0.0010640777090226293
z_subj(emp).28,0.5459401614665692,0.04736707116560864,0.4547446318396075,0.5136134861487289,0.5446382140998843,0.5778580829612223,0.6387797804809997,0.0013051070304781441
z_subj(emp).29,0.5309182282282673,0.04218668517124493,0.44857655904437227,0.5028345330842687,0.5298062721952582,0.559442693086998,0.6124771465244692,0.0009088117479412166
z_subj(emp).30,0.5622979275208544,0.050780484213030774,0.46525516826534474,0.5271647124530682,0.563147100046482,0.5971780655949532,0.6623861341683324,0.0017800685408757527
z_subj(emp).31,0.48774777600743635,0.04064172933336731,0.409239483619805,0.4597285169725668,0.4866430940183526,0.5157835534112694,0.5690133981821651,0.0007714254611185875
z_subj(emp).32,0.5075618275587132,0.05310353783925505,0.4054274285218848,0.47123837780684436,0.5069229863530523,0.5427662621845005,0.6138185685877391,0.001490831027732471
z_subj(empego).0,0.5427754683046276,0.058798108848129915,0.4324695763511083,0.5009798418377027,0.5420097160035874,0.5846205814730376,0.6595182081933432,0.002199274375661253
z_subj(empego).1,0.4901775921080746,0.052710049281730405,0.3903338022218397,0.4552240676411559,0.4899211757569165,0.5245823171722737,0.5975834667534425,0.0018640297259120459
z_subj(empego).2,0.5331865043688009,0.058356553558211365,0.41988682146107176,0.4940784879919883,0.5324562549645049,0.5720633392289792,0.6520304571400135,0.0020871621049380774
z_subj(empego).4,0.509428421262175,0.058945414547426876,0.3993384194464768,0.46903437928317715,0.5072438906802645,0.5499533040967998,0.6249259247443811,0.002276018469869963
z_subj(empego).5,0.5014108441317434,0.05714652243719532,0.39313285564998446,0.46264711423417426,0.500458233612525,0.5399316862803945,0.6144142521955884,0.00205281619186778
z_subj(empego).6,0.463327301760357,0.04891837558727096,0.3693459473366215,0.4299408487601564,0.46357506007081994,0.4951975117999289,0.5613801954392399,0.0011992918295689863
z_subj(empego).7,0.49467857250442343,0.04459549194383677,0.40987349277645563,0.46425733164088984,0.4948155094204055,0.5247878022724742,0.5821930292508162,0.0011591266830584357
z_subj(empego).8,0.3934704889746529,0.04022395183278882,0.31493592978217744,0.3658800824846893,0.3938268159736134,0.4210497676514175,0.4702636525113075,0.0010023033568505257
z_subj(empego).9,0.45307991651677193,0.046614775188452445,0.36199674397899856,0.4214690461079926,0.4523088304667606,0.4854614669064728,0.545292325092561,0.0011409328327089954
z_subj(empego).10,0.45734667732668444,0.04536443788976109,0.3687969268124126,0.4259415042814865,0.4577737952214006,0.48775481613901667,0.5460111164347159,0.0012546490790587598
z_subj(empego).11,0.5580704489746405,0.05898951640621179,0.44238943515511214,0.5166927911352522,0.5580136462922961,0.5981911161985086,0.6746014621359866,0.0020764936024026577
z_subj(empego).12,0.5046305598070304,0.06312996703840267,0.38404110314654566,0.46084451196063736,0.503246011833223,0.5460607141697412,0.6358014810239008,0.00261488012747185
z_subj(empego).13,0.5450207523441365,0.05668278004335291,0.4361632829992228,0.5055061664600057,0.5452157488629996,0.5833532176773615,0.6557547743853028,0.002272879741782966
z_subj(empego).14,0.49915691043842914,0.056732984534295976,0.38864478073523895,0.4606372109163617,0.4983866583185424,0.5375870343291137,0.6096952633366475,0.0019226506600250337
z_subj(empego).15,0.3601852837701039,0.04195679768742548,0.281666756297786,0.33113921677199604,0.35858303192215235,0.38848233525334797,0.44692921296496446,0.001005233318181132
z_subj(empego).16,0.5770088395389157,0.04996857367691432,0.47904851308039736,0.5426532647818848,0.5772044833444323,0.6113099144316393,0.6747292536318781,0.0016027994405948271
z_subj(empego).17,0.5574626043965824,0.06605649910420548,0.42862775083620636,0.5104264610937869,0.5590025205127157,0.6015778173369508,0.6884149917487048,0.002657660052717627
z_subj(empego).18,0.4302876428408449,0.043986502784312105,0.34366663978997636,0.40074206396309886,0.43011821652012694,0.4600257428474867,0.5143064506280992,0.0009508682339016075
z_subj(empego).19,0.45308206061758305,0.04081879325450117,0.3744850879514697,0.4258234545451121,0.45284525484349164,0.48019716926639816,0.534245269448134,0.0009656368041039096
z_subj(empego).21,0.4346900615899627,0.04860610996381604,0.3401624928053102,0.4022134087762559,0.4342979032985811,0.4678706386191295,0.5299976167809807,0.0012509419009553485
z_subj(empego).22,0.4779808405250355,0.046826863735872575,0.3872630325129808,0.4454154518036973,0.4779325125768591,0.5100450223970895,0.5680381266921939,0.001315861212791669
z_subj(empego).23,0.5485853999346032,0.06560727526707215,0.42426505417585714,0.5020118441245679,0.5487840233595471,0.5917179939647302,0.6788042935669374,0.002606148974141584
z_subj(empego).24,0.5225029357639318,0.05624190893852914,0.41422334331492405,0.4830970862846959,0.5219514554744094,0.5611227672148623,0.6331212001866513,0.0022889386769407447
z_subj(empego).25,0.511750069858453,0.062036082238396115,0.3898696284448658,0.4706001382221123,0.5113994621860213,0.5528937881832469,0.6380468918464403,0.002473394987923083
z_subj(empego).26,0.5310953902671248,0.048568346051254194,0.43560491177324134,0.4989401472787718,0.5311297512620967,0.5635988639219732,0.6270104798778986,0.0014788012947968584
z_subj(empego).27,0.5257131903614239,0.05772008836636146,0.41460033300588023,0.48563957347801767,0.5269651341049928,0.5654046103997095,0.634734973775787,0.0021403351309732164
z_subj(empego).28,0.5461986739733355,0.058917804073728625,0.43156148856946913,0.5060558347239745,0.5463280587151783,0.5868065944740928,0.660911776324528,0.002232605567038905
z_subj(empego).29,0.4048371912699766,0.04187940826407219,0.32297470918983157,0.37645090121876856,0.40405488308519244,0.4329610968240323,0.48938677647657697,0.0009939176617010529
z_subj(empego).30,0.5067310901059057,0.046833051101681164,0.4142758422835599,0.47475116670000456,0.5062265415809357,0.5377231495562784,0.600417036460641,0.0015239500773438623
z_subj(empego).31,0.5329375809784896,0.04878372364802008,0.4416272993249366,0.4995522762636338,0.5313596152575881,0.5647384765399494,0.632913410300352,0.001432211261032721
z_subj(empego).32,0.48426986875839373,0.05580614746524791,0.374325687355051,0.4477010349214474,0.485601803491802,0.5226788734134379,0.5925958871875538,0.0018521674151052517
v_Intercept(emp),4.797908466925129,0.3827494895808845,4.050571326817635,4.532168202405507,4.803914667367301,5.060978204297763,5.525110525208002,0.030561888938588088
v_Intercept(empego),5.535829447352635,0.39842967724857375,4.74568904954366,5.261171861114782,5.541708637174819,5.811570460463714,6.295075396280441,0.03193503299181399
v_Intercept_std,1.125184681883207,0.13076978350667307,0.8945866280903539,1.0329351003628442,1.1175775639443182,1.2059687851757737,1.4039065327700726,0.0040445689460578225
v_Intercept_subj(emp).0,5.313634974072247,0.41508616388677433,4.518290081386557,5.032543261196995,5.323495344506879,5.603619344964051,6.1010850787039965,0.03295990302803263
v_Intercept_subj(emp).1,5.318260945274636,0.4398119847386646,4.426050724259441,5.029069211053207,5.32672526411764,5.624238416877732,6.168543099634915,0.032568114361702157
v_Intercept_subj(emp).2,6.1754985106700895,0.5053561371668687,5.210945513181241,5.83583372924378,6.161251364592069,6.520051768613883,7.17455662212594,0.03669881701526286
v_Intercept_subj(emp).4,4.8766579164314585,0.39389041067880354,4.109096434573395,4.611243869615231,4.875507513490885,5.139181263710534,5.641942752277101,0.03221605990257886
v_Intercept_subj(emp).5,7.165242086001817,0.6531741365410346,5.944410058076524,6.724796126474599,7.151969936492215,7.580174948796595,8.52342749126067,0.0366239285223429
v_Intercept_subj(emp).6,5.05454560129253,0.4265519509434996,4.253181095893996,4.764148633795198,5.051956238128344,5.342842264380295,5.902113139938188,0.03225800181052733
v_Intercept_subj(emp).7,3.3353462246576098,0.42532343820607815,2.4865848023937587,3.0403685649118493,3.339275351457475,3.6309578171469057,4.158290416669375,0.03009134233968063
v_Intercept_subj(emp).8,3.2764366478980946,0.37576400852810643,2.530312213570537,3.018146926247737,3.278548496924373,3.5354058968599062,4.0028030245339465,0.02847464091859515
v_Intercept_subj(emp).9,5.380769346069786,0.4413919579194973,4.530545313989185,5.0760138024801655,5.385364164654517,5.683100659520093,6.246999605938898,0.031587919792971784
v_Intercept_subj(emp).10,4.731294993219031,0.4192035831075101,3.9113830166259005,4.442626916745738,4.729005107014127,5.032965849500941,5.537003327267665,0.03184851343013346
v_Intercept_subj(emp).11,4.263689444890718,0.46012611773906553,3.359996529837187,3.9445193532657794,4.27426837013357,4.583212169563179,5.161994425374241,0.029938916798731646
v_Intercept_subj(emp).12,5.196838154724888,0.40882530805148576,4.4002749662389755,4.912541242076962,5.19804524301446,5.477871588072052,6.005609308208335,0.031014518289984472
v_Intercept_subj(emp).13,5.030109523093383,0.44405491861437657,4.19303901915339,4.721768806229128,5.023501009874454,5.327815076077208,5.926724380111665,0.031016330178416755
v_Intercept_subj(emp).14,5.157282758043259,0.4925791946998331,4.185923749516875,4.820226218520373,5.1637436305712905,5.498972439216286,6.104285813722636,0.03302289466932224
v_Intercept_subj(emp).15,3.892997442264278,0.37009733825571645,3.163696250113998,3.637671397501039,3.9034581179740804,4.150605399760501,4.593251509279592,0.029960399508877696
v_Intercept_subj(emp).16,5.620762864490869,0.5051980794942702,4.645118410605949,5.275643196038734,5.630063453749258,5.963252229178322,6.609885805385887,0.032700343033116835
v_Intercept_subj(emp).17,4.863754517001535,0.43169542831519314,4.00382665125905,4.574380203678369,4.8699004223507805,5.164288150902471,5.6904406532689755,0.030802383562125994
v_Intercept_subj(emp).18,4.26200302030185,0.3814942003519542,3.53376934811847,3.9957802128826674,4.269093754250379,4.525405482784974,5.012567375398587,0.030239458309065693
v_Intercept_subj(emp).19,4.194191931097251,0.37774702754154726,3.44943858222325,3.9355754331303707,4.1982478790535875,4.462527777408546,4.897723541518168,0.030176113539061005
v_Intercept_subj(emp).21,3.3878195225118595,0.39706498624264885,2.6087513577174763,3.1178081585868176,3.3840769750902964,3.6576459359279174,4.166219192308859,0.0287093133008031
v_Intercept_subj(emp).22,5.624632910333542,0.5154710947449836,4.631232115579728,5.276001866369844,5.61970107193457,5.975613356836497,6.6281538721472595,0.033359909330320583
v_Intercept_subj(emp).23,6.664114648792966,0.5754564670501291,5.564081933828718,6.269956726206261,6.64992768092237,7.042487794941472,7.84662032720855,0.037112247944938205
v_Intercept_subj(emp).24,6.401103711929681,0.511039348583351,5.398156163511369,6.049823200446045,6.404325079061115,6.747053978626069,7.413124173170989,0.03278963623942468
v_Intercept_subj(emp).25,4.39503004438413,0.36113882120089896,3.6860211004940244,4.143680603763243,4.402977530810044,4.65090914405115,5.089726124554113,0.030901504827298504
v_Intercept_subj(emp).26,4.019521963613947,0.37612291575715523,3.276463300879855,3.769344566305996,4.021066503689113,4.280506132057403,4.738109453489819,0.029785428650180513
v_Intercept_subj(emp).27,3.5998795623554134,0.36824953819755923,2.860840081357542,3.3543694326740425,3.601700448029429,3.8514703783655806,4.308109761541239,0.029475129723880934
v_Intercept_subj(emp).28,4.4907397096972455,0.4196106070835267,3.6743266013387124,4.20707889046527,4.489883959307817,4.781110113018318,5.305554566115894,0.03183892360092438
v_Intercept_subj(emp).29,3.8286425758029083,0.3594891500487495,3.1210961211834385,3.5725302306350653,3.841581626671772,4.080000210922378,4.501285125665585,0.030462282326379608
v_Intercept_subj(emp).30,4.716310563501924,0.4352791020961881,3.8582443044832835,4.4157381961238436,4.726305717731616,5.008606270292468,5.584914777608439,0.032387830424727246
v_Intercept_subj(emp).31,3.6476066665997435,0.3652435620103386,2.9151158756609115,3.4029980783586797,3.663817269926879,3.9031159174528107,4.328137349628381,0.029300961625064605
v_Intercept_subj(emp).32,5.309537470945552,0.4638527201953673,4.432449171389468,4.991689503572075,5.310789549010614,5.624464749909487,6.2358975999198885,0.03198391143881474
v_Intercept_subj(empego).0,5.874525648250765,0.4652386612641649,4.974249294315721,5.5605348800157275,5.867959414160569,6.180893603327925,6.811600653328158,0.032399760876217557
v_Intercept_subj(empego).1,5.6148122475118365,0.45587116585089643,4.768725537152385,5.294941060319873,5.603036312261441,5.9259418963141695,6.520643089338407,0.031995981118996285
v_Intercept_subj(empego).2,6.37758293050517,0.5133507011844476,5.353281794985247,6.028653429604567,6.379115462791134,6.7255723904726015,7.3799880391414145,0.03452973331174543
v_Intercept_subj(empego).4,5.588531716457669,0.45494634161928404,4.7066843536916565,5.285609893941271,5.59123034850424,5.899979342492772,6.489545987755481,0.032477282926412145
v_Intercept_subj(empego).5,6.9082524512090275,0.6258523351618908,5.7252879968488575,6.488690557775709,6.879177228540563,7.289071706523469,8.253673954706283,0.03818140270427961
v_Intercept_subj(empego).6,5.322558254995521,0.4588922059945499,4.426736576646713,5.0183562462041245,5.323840177651545,5.6231227450015195,6.258433978208808,0.03174682562574
v_Intercept_subj(empego).7,4.698763063177256,0.4127123271212697,3.8816694102568015,4.418031947025032,4.700006342144577,4.986283649142296,5.4796137818445025,0.031160396024707198
v_Intercept_subj(empego).8,4.840950303717439,0.3919409138458104,4.100270269735447,4.570182745159928,4.8401925639006835,5.120092073107307,5.59774428827397,0.03131174940105187
v_Intercept_subj(empego).9,5.270732592346832,0.44741483816232097,4.4062762776744435,4.959155880504408,5.269258422435259,5.577600189820247,6.125601390931587,0.0323846098258639
v_Intercept_subj(empego).10,4.927189812523633,0.4036050060902594,4.156935018007965,4.648138464179323,4.928315908756046,5.212014973133852,5.713115134484434,0.03277326484484593
v_Intercept_subj(empego).11,6.68978052980934,0.5916019397072529,5.539000808994562,6.2789470087680685,6.694868737130883,7.087661169020707,7.84574058214816,0.03433356216629685
v_Intercept_subj(empego).12,7.254965839615785,0.5882186097767894,6.151791038482529,6.8508153197794455,7.252647203883702,7.635666654287047,8.47457078441764,0.03627775640530667
v_Intercept_subj(empego).13,5.636981619544842,0.5027281054882458,4.674246657815549,5.285921986613575,5.631464374781466,5.980204683480249,6.63234440176157,0.03340899090191891
v_Intercept_subj(empego).14,6.30646790861274,0.5529913907627327,5.262768835438542,5.917702606448138,6.3090866138212185,6.67653921985365,7.414243473311943,0.03506397907960365
v_Intercept_subj(empego).15,3.94835666194958,0.38883951184349874,3.200286948940291,3.6786560800502617,3.950070191241382,4.2212277580899205,4.6763755521133135,0.02978912405236207
v_Intercept_subj(empego).16,4.997140095185649,0.4571652811512322,4.092052992106469,4.685780727903505,4.991011133925932,5.304815280686552,5.907566176791837,0.031650465250522106
v_Intercept_subj(empego).17,7.770142320722147,0.7284459161180221,6.348920608953387,7.272706385419491,7.7527617235494395,8.245944829070247,9.266553522356231,0.03837931817682732
v_Intercept_subj(empego).18,3.97826757965517,0.3772717382730281,3.2536678703818613,3.71040420763335,3.986902954184184,4.249679803296043,4.693014129252364,0.02995595213745127
v_Intercept_subj(empego).19,3.906187226569967,0.3716547002954958,3.1744078155285678,3.651195161658832,3.9088694461312823,4.16782036338566,4.609752259652106,0.030073244234309977
v_Intercept_subj(empego).21,3.098313479973508,0.48829740215157286,2.1347771898688075,2.7691510513988447,3.097333953387095,3.446612374083843,4.02907338538523,0.030714024251994338
v_Intercept_subj(empego).22,5.016719478010815,0.40649727361971155,4.219144604825446,4.740483467152775,5.021817461607754,5.293794372878472,5.792434691581259,0.03213952426841956
v_Intercept_subj(empego).23,7.3420308049423255,0.6541773401501042,6.097309274493123,6.8878465516060245,7.337425477386847,7.788127722730534,8.61662902460845,0.037728403795231215
v_Intercept_subj(empego).24,6.098774476308142,0.4875533389542707,5.171713757855695,5.76147631726857,6.092772419162897,6.4355025424684795,7.066984501507642,0.034073117188862696
v_Intercept_subj(empego).25,6.570722844188888,0.5387849447427469,5.521458148613468,6.201478666477187,6.565634215144986,6.937407995721317,7.619551202761583,0.0376897790111772
v_Intercept_subj(empego).26,5.0380905323779,0.41163813848264386,4.232922186599755,4.751032173426684,5.051777540167838,5.328130932711415,5.838896691091732,0.031798514113116204
v_Intercept_subj(empego).27,6.551177852019586,0.5477403090000807,5.492930242558388,6.167329879651686,6.558080609912664,6.918452723388232,7.635899833418398,0.036426205855461996
v_Intercept_subj(empego).28,6.070079925639441,0.558102595301308,5.022541301111658,5.686496152230663,6.043911555470871,6.430448015359344,7.228715237112793,0.03462228451474196
v_Intercept_subj(empego).29,4.778891594188952,0.3768517791338288,4.036238849281319,4.520234002985038,4.790824365799313,5.045969683626068,5.487467601558934,0.030279954485349127
v_Intercept_subj(empego).30,4.849040005856681,0.39227261473835057,4.081700100728354,4.577613876540017,4.866314779788637,5.113326826483436,5.595984147278994,0.032172752495847945
v_Intercept_subj(empego).31,4.2941241566299055,0.40802227837957067,3.4833972766919317,4.016810923526422,4.297806102726735,4.579740027140105,5.089121123989388,0.03126157886409525
v_Intercept_subj(empego).32,6.310566149174117,0.48245683021948804,5.3527126156343945,5.978826649430962,6.311774675312465,6.646042200425889,7.234144159963842,0.033931902898134296
v_diff,-0.011760578707121293,0.0010034379181654706,-0.013610898741907743,-0.012533071744604156,-0.011790515348238748,-0.01104801319234393,-0.0097599245838098,9.447608258463845e-05
